date	clade	count_clade
2020-01-01	V1A.3/133R	31
2020-01-01	V1A.3/150K	17
2020-11-01	V1A.3/150K	17
2020-10-01	V1A.3/150K	8
2020-01-01	V1A	31
2021-01-01	V1A.3/150K	25
2020-12-01	V1A.3/150K	24
2021-02-01	V1A.3/150K	21
2019-10-01	V1A.3/133R	31
2019-06-01	V1A.3/133R	30
2019-05-01	V1A.3/133R	30
2019-07-01	V1A.3/133R	31
2019-09-01	V1A.3/133R	30
2019-08-01	V1A.3/133R	30
2020-02-01	V1A.3/133R	29
2020-02-01	V1A.3/150K	11
2021-02-01	V1A.3/133R	6
2020-03-01	V1A.3/133R	30
2021-03-01	V1A.3/150K	25
2019-12-01	V1A.3/133R	31
2019-11-01	V1A.3/133R	30
2019-12-01	V1A	29
2020-02-01	V1A	24
2021-05-01	V1A.3/133R	2
2021-04-01	V1A.3/150K	21
2021-04-01	V1A	3
2021-03-01	V1A	4
2021-03-01	V1A.3/133R	5
2021-03-01	V1A/165N	1
2021-04-01	V1A.3/133R	1
2020-11-01	V1A.3/133R	3
2021-02-01	V1A	2
2021-05-01	V1A.3/150K	15
2021-06-01	V1A.3/150K	8
2018-12-01	V1A	31
2018-12-01	V1A.3/133R	13
2019-01-01	V1A.3/133R	17
2019-01-01	V1A	30
2019-02-01	V1A.3/133R	26
2019-02-01	V1A	26
2019-01-01	V1A.3/150K	3
2019-03-01	V1A	29
2019-03-01	V1A.3/133R	31
2019-04-01	V1A.3/133R	30
2020-05-01	V1A.3/150K	1
2019-04-01	V1A	27
2019-05-01	V1A	28
2019-03-01	V1A.3/150K	5
2019-06-01	V1A	25
2019-04-01	V1A.3/150K	7
2019-02-01	V1A.3/150K	2
2019-03-01	V1A/165N	1
2019-05-01	V1A/165N	1
2019-07-01	V1A	21
2019-08-01	V1A	22
2019-06-01	V1A.3/150K	6
2019-07-01	V1A.3/150K	4
2019-05-01	V1A.3/150K	2
2019-08-01	V1A.3/150K	11
2019-09-01	V1A	25
2019-10-01	V1A	24
2019-10-01	V1A.3/150K	20
2019-11-01	V1A	27
2019-09-01	V1A.3/150K	9
2019-11-01	V1A.3/150K	17
2019-12-01	V1A.3/150K	10
2019-11-01	V1A/165N	1
2019-10-01	V1A/165N	1
2019-12-01	V1A/165N	1
2020-03-01	V1A	18
2020-03-01	V1A.3/150K	8
2020-04-01	V1A	1
2020-04-01	V1A.3/133R	12
2020-06-01	V1A.3/133R	1
2020-05-01	V1A.3/133R	1
2020-07-01	V1A.3/133R	1
2020-06-01	V1A.3/150K	1
2020-10-01	V1A.3/133R	4
2020-09-01	V1A.3/133R	1
2020-09-01	V1A.3/150K	3
2020-07-01	V1A.3/150K	1
2020-08-01	V1A.3/150K	2
